Libreria,Objeto,Nombre campo clave,Numero campo clave
AZLOSW,CLBFCAHT,AHTOAI,1
AZLOSW,CLBFCAHT,AHTONT,2
AZLOSW,CLBFCAHT,AHTOCJ,3
AZLOSW,CLBFCAHT,AHTINT,4
AZLOSW,CLBFCAHT,AHTOSQ,5
AZLOSW,CLBFCAHT,AHTOFL,6
AZLOSW,CLBFCAHT,AHTOHL,7
AZLOSW,CLBFCAHT,AHTIVT,8
AZLOSW,CLBFCAHTR1,AHTOAI,1
AZLOSW,CLBFCAHTR1,AHTONT,2
AZLOSW,CLBFCAHTR1,AHTOCJ,3
AZLOSW,CLBFCAHTR1,AHTINT,4
AZLOSW,CLBFCAHTR1,AHTOSQ,5
AZLOSW,CLBFCAHTR1,AHTOFL,6
AZLOSW,CLBFCAHTR1,AHTOHL,7
AZLOSW,CLBFCAHTR1,AHTIVT,8
AZLOSW,CLBFCBIC,BICAPL,1
AZLOSW,CLBFCBIC,BICCOM,2
AZLOSW,CLBFCBIC,BICBIN,3
AZLOSW,CLBFCBTAL1,BTACODB,1
AZLOSW,CLBFCBTAL1,BTACODT,2
AZLOSW,CLBFCCOM,COMAPL,1
AZLOSW,CLBFCCOM,COMCOD,2
AZLOSW,CLBFCCOM,COMLOC,3
AZLOSW,CLBFCFOL,FOLCODA,1
AZLOSW,CLBFCFOL,FOLCODF,2
AZLOSW,CLBFCHCP,HCPFEG,1
AZLOSW,CLBFCHCP,HCPHOR,2
AZLOSW,CLBFCHCP,HCPMIL,3
AZLOSW,CLBFCPAT,PATCOM,1
AZLOSW,CLBFCREG,REGCOD,1
AZLOSW,CLBFCTAG,TAGFQC,1
AZLOSW,CLBFCTAG,TAGCTG,2
AZLOSW,CLBFCTDT,TDTAPL,1
AZLOSW,CLBFCTDT,TDTTBL,2
AZLOSW,CLBFCTDT,TDTARG,3
AZLOSW,CLBFCTDT,TDTSEC,4
AZLOSW,CLBFCTDT0001,TDTAPL,1
AZLOSW,CLBFCTDT0001,TDTTBL,2
AZLOSW,CLBFCTDT0001,TDTARG,3
AZLOSW,CLBFCTDT0001,TDTSEC,4
AZLOSW,CLBFCTDT1111,TDTAPL,1
AZLOSW,CLBFCTDT1111,TDTTBL,2
AZLOSW,CLBFCTDT1111,TDTARG,3
AZLOSW,CLBFCTDT1111,TDTSEC,4
AZLOSW,CLBFCTTN,TTNAPL,1
AZLOSW,CLBFCTTN,TTNJOB,2
AZLOSW,CLBFCXTR,XTRFEC,1
AZLOSW,CLBFCXTR,XTRSIT,2
AZLOSW,CLBFCXTR,XTRHOR,3
AZLOSW,CLBFCXTR,XTRSEC,4
AZLOSW,CLBFCXTR,XTRARC,5
AZLOSW,CLBFCXTR,XTRRRN,6
AZLOSW,CLBFCXTR,XTRTIP,7
AZLOSW,CLBFCXTRE,XTREFEC,1
AZLOSW,CLBFCXTRE,XTREFIL,2
AZLOSW,CLBFCXTRE,XTRECOR,3
AZLOSW,CLBFCXTRER,XTREFEC,1
AZLOSW,CLBFCXTRER,XTRESIT,2
AZLOSW,CLBFCXTRER,XTREHOR,3
AZLOSW,CLBFCXTRER,XTRESEC,4
AZLOSW,CLBFCXTRER,XTREARC,5
AZLOSW,CLBFCXTRER,XTRERRN,6
AZLOSW,CLBFCXTRER,XTRETIP,7
AZLOSW,CLBFCXTRERR1,XTREFEC,1
AZLOSW,CLBFCXTRERR1,XTRESIT,2
AZLOSW,CLBFCXTRERR1,XTREHOR,3
AZLOSW,CLBFCXTRERR1,XTRESEC,4
AZLOSW,CLBFCXTRERR1,XTREARC,5
AZLOSW,CLBFCXTRERR1,XTRERRN,6
AZLOSW,CLBFCXTRERR1,XTRETIP,7
AZLOSW,CLBFCXTRJ,XTRJFEP,1
AZLOSW,CLBFCXTRJ,XTRJNOM,2
AZLOSW,CLBFCXTRJ,XTRJSIT,3
AZLOSW,CLBFCXTRJ,XTRJSEC,4
AZLOSW,CLBFCXTRR1,XTRFEC,1
AZLOSW,CLBFCXTRR1,XTRSIT,2
AZLOSW,CLBFCXTRR1,XTRHOR,3
AZLOSW,CLBFCXTRR1,XTRSEC,4
AZLOSW,CLBFCXTRR1,XTRARC,5
AZLOSW,CLBFCXTRR1,XTRRRN,6
AZLOSW,CLBFCXTRR1,XTRTIP,7
AZLOSW,CLBFCXTRT,XTRTARC,1
AZLOSW,CLBFCXTRT,XTRTFEC,2
AZLOSW,CLBFCXTRT,XTRTSEC,3
AZLOSW,CLBFCXTRT,XTRTHOR,4
AZLOSW,CLBFCXTRT111,XTRTARC,1
AZLOSW,CLBFCXTRT111,XTRTFEC,2
AZLOSW,CLBFCXTRT111,XTRTSEC,3
AZLOSW,CLBFCXTRT111,XTRTHOR,4
AZLOSW,CLBFCXTR1111,XTRFEC,1
AZLOSW,CLBFCXTR1111,XTRSIT,2
AZLOSW,CLBFCXTR1111,XTRHOR,3
AZLOSW,CLBFCXTR1111,XTRSEC,4
AZLOSW,CLBFCXTR1111,XTRARC,5
AZLOSW,CLBFCXTR1111,XTRRRN,6
AZLOSW,CLBFCXTR1111,XTRTIP,7
AZLOSW,CLDRC001,XDRC001,1
AZLOSW,CLQAC6KEYST,LABEL_1,1
AZLOSW,CLQAC6KEYST,LABEL_2,2
AZLOSW,CLQAC6KEYST,LABEL_3,3
AZLOSW,CLQAC6KEYST,LABEL_4,4
AZLOSW,CLQAC6KEYST,LABEL_5,5
AZLOSW,CLQAC6KEYST,LABEL_6,6
AZLOSW,CLQAC6KEYST,LABEL_7,7
AZLOSW,CLQAC6PKEYST,LABEL_1,1
AZLOSW,CLQAC6PKEYST,LABEL_2,2
AZLOSW,CLQAC6PKEYST,LABEL_3,3
AZLOSW,CLQAC6PKEYST,LABEL_4,4
AZLOSW,CLQAC6PKEYST,LABEL_5,5
AZLOSW,CLQAC6PKEYST,LABEL_6,6
AZLOSW,CLQAC6PKEYST,LABEL_7,7
AZBASW,AZPRM,PRMCOD,1
AZBASW,ACCHT,CHTNUM,1
AZBASW,ACCHT,CHTSEC,2
AZBASW,ACCHT,CHTFEC,3
AZBASW,ACCHT,CHTHOR,4
AZBASW,ACCST,CSTCOD,1
AZBASW,ACCTF,CTFFUE,1
AZBASW,ACCTF,CTFTER,2
AZBASW,ACETC,ETCCOD,1
AZBASW,ACGEN,GENTIP,1
AZBASW,ACGEN,GENCOD,2
AZBASW,ADAEG,AEGATM,1
AZBASW,ADALA,ALANUM,1
AZBASW,ADALAMOD,ALANUM,1
AZBASW,ADALA2205,ALANUM,1
AZBASW,ADATP,ATPATM,1
AZBASW,ADCAC,CACCAJ,1
AZBASW,ADCACTST,CACCAJ,1
AZBASW,ADCAJ,CAJLNO,1
AZBASW,ADCAJ2,CAJLNO,1
AZBASW,ADCAJ2205,CAJLNO,1
AZBASW,ADCID,CIDCOD,1
AZBASW,ADCLM,CLMLNO,1
AZBASW,ADCMD,CMDTCF,1
AZBASW,ADCMD,CMDCOD,2
AZBASW,ADCMM,CMMTCF,1
AZBASW,ADCMM,CMMCOI,2
AZBASW,ADCMM,CMMCOM,3
AZBASW,ADCPA,CPAATM,1
AZBASW,ADDAL,DALATM,1
AZBASW,ADDAL,DALIDR,2
AZBASW,ADDAL,DALLIN,3
AZBASW,ADDALH,DALATM,1
AZBASW,ADDALH,DALIDR,2
AZBASW,ADDALH,DALLIN,3
AZBASW,ADDDR,DDRATM,1
AZBASW,ADDDR,DDRIDR,2
AZBASW,ADDDR,DDRLIN,3
AZBASW,ADDDRH,DDRATM,1
AZBASW,ADDDRH,DDRIDR,2
AZBASW,ADDDRH,DDRLIN,3
AZBASW,ADDIC,DICIMP,1
AZBASW,ADDIG,DIGTIF,1
AZBASW,ADDIG,DIGDIG,2
AZBASW,ADDIG,DIGSTS,3
AZBASW,ADDST,DSTTIP,1
AZBASW,ADDST,DSTCOD,2
AZBASW,ADDST,DSTBYT,3
AZBASW,ADDST,DSTBIT,4
AZBASW,ADEDV,EDVLNO,1
AZBASW,ADEDV,EDVDEV,2
AZBASW,ADGOL,GOLGOL,1
AZBASW,ADGOL,GOLLNO,2
AZBASW,ADGRU,GRUCOD,1
AZBASW,ADHCP,HCPLNO,1
AZBASW,ADHCP,HCPSEC,2
AZBASW,ADHCP,HCPREF,3
AZBASW,ADHCP,HCPFEP,4
AZBASW,ADHCP,HCPHOP,5
AZBASW,ADHCP,HCPMNT,6
AZBASW,ADHCPH,HCPLNO,1
AZBASW,ADHCPH,HCPSEC,2
AZBASW,ADHCPH,HCPREF,3
AZBASW,ADHCPH,HCPFEP,4
AZBASW,ADHCPH,HCPHOP,5
AZBASW,ADHCPH,HCPMNT,6
AZBASW,ADHDR,HDRATM,1
AZBASW,ADHDR,HDRIDR,2
AZBASW,ADHDRH,HDRATM,1
AZBASW,ADHDRH,HDRIDR,2
AZBASW,ADHDRL0,HDRFCR,1
AZBASW,ADHDRL0,HDRATM,2
AZBASW,ADHDRL0,HDRHRR,3
AZBASW,ADHDRL0,HDRIDR,4
AZBASW,ADHDRL1,HDRATM,1
AZBASW,ADHDRL1,HDRFCR,2
AZBASW,ADHDRL1,HDRHRR,3
AZBASW,ADHDRL1,HDRIDR,4
AZBASW,ADHDRL2,HDRFCR,1
AZBASW,ADHDRL2,HDRATM,2
AZBASW,ADHDRL2,HDRHRR,3
AZBASW,ADHDRL2,HDRIDR,4
AZBASW,ADHLP,HLPFLD,1
AZBASW,ADHLP,HLPCOD,2
AZBASW,ADHSP,HSPATM,1
AZBASW,ADHSP,HSPFCP,2
AZBASW,ADHSP,HSPHRP,3
AZBASW,ADHSPH,HSPATM,1
AZBASW,ADHSPH,HSPFCP,2
AZBASW,ADHSPH,HSPHRP,3
AZBASW,ADHSPL0,HSPFCP,1
AZBASW,ADHSPL0,HSPHRP,2
AZBASW,ADHSPL0,HSPATM,3
AZBASW,ADMCC,MCCCOD,1
AZBASW,ADMDS,MDSORI,1
AZBASW,ADMDS,MDSDEV,2
AZBASW,ADMDS,MDSCOD,3
AZBASW,ADMRV,MRVCOD,1
AZBASW,ADMSG,MSGCOD,1
AZBASW,ADMSGCOL,MSGCOD,1
AZBASW,ADOCD,OCDCFG,1
AZBASW,ADOCD,OCDCDD,2
AZBASW,ADOCD,OCDCDC,3
AZBASW,ADPLC,PLCTTR,1
AZBASW,ADPLC,PLCCPC,2
AZBASW,ADPLCL0,PLCCPC,1
AZBASW,ADRDA,RDATTR,1
AZBASW,ADRDA,RDACPC,2
AZBASW,ADRPR,RPRCRE,1
AZBASW,ADRPY,RPYCFT,1
AZBASW,ADRPY,RPYCFG,2
AZBASW,ADRPY,RPYCDA,3
AZBASW,ADRPY,RPYCDT,4
AZBASW,ADRPY,RPYCRE,5
AZBASW,ADUOL,UOLUOL,1
AZBASW,ADUOL,UOLLNO,2
AZBASW,ADUSR,USRCOD,1
AZBASW,AETAG,TAGFQC,1
AZBASW,AETAG,TAGCTG,2
AZBASW,AFA6KEYST,LABEL_1,1
AZBASW,AFA6KEYST,LABEL_2,2
AZBASW,AFA6KEYST,LABEL_3,3
AZBASW,AFA6KEYST,LABEL_4,4
AZBASW,AFA6KEYST,LABEL_5,5
AZBASW,AFA6KEYST,LABEL_6,6
AZBASW,AFA6KEYST,LABEL_7,7
AZBASW,AHCIU,CIUCOD,1
AZBASW,AHDEV,DEVSIT,1
AZBASW,AHDEV,DEVAPL,2
AZBASW,AHDEV,DEVNOM,3
AZBASW,AHDVE,DVEAPL,1
AZBASW,AHDVE,DVESIP,2
AZBASW,AHDVE,DVENOP,3
AZBASW,AHMIP,MIPSID,1
AZBASW,AHMIP,MIPDIP,2
AZBASW,AHPRM,PRMAPL,1
AZBASW,AHSSF,SSFSTE,1
AZBASW,AHSSF,SSFAPL,2
AZBASW,APPAI,PAICOD,1
AZBASW,ATTAG,TAGFQC,1
AZBASW,ATTAG,TAGCTG,2
AZBASW,ATTCV,TCVAPL,1
AZBASW,ATTCV,TCVCOD,2
AZBASW,ATTCV,TCVNUI,3
AZBASW,ATTCV,TCVNUO,4
AZBASW,ATTCV,TCVCAI,5
AZBASW,ATTCVFEG,TCVAPL,1
AZBASW,ATTCVFEG,TCVCOD,2
AZBASW,ATTCVFEG,TCVNUI,3
AZBASW,ATTCVFEG,TCVNUO,4
AZBASW,ATTCVFEG,TCVCAI,5
AZBASW,ATTPR,TPRAPL,1
AZBASW,ATTRD,TRDAPL,1
AZBASW,ATTRD,TRDCOD,2
AZBASW,ATTRD,TRDNUO,3
AZBASW,ATTRDFEG,TRDAPL,1
AZBASW,ATTRDFEG,TRDCOD,2
AZBASW,ATTRDFEG,TRDNUO,3
AZBASW,AUACT,ACTAPL,1
AZBASW,AUAFM,AFMCOD,1
AZBASW,AUAFMH,AFMCOD,1
AZBASW,AUAFML0,AFMPDR,1
AZBASW,AUAFML0,AFMCOD,2
AZBASW,AUAFML1,AFMPDR,1
AZBASW,AUAFML1,AFMOPC,2
AZBASW,AUAFM2,AFMCOD,1
AZBASW,AUBKP,BKPPAN,1
AZBASW,AUBKP,BKPFEG,2
AZBASW,AUBKP,BKPHOG,3
AZBASW,AUBKP,BKPMLG,4
AZBASW,AUBKT,BKTNEW,1
AZBASW,AUBKT,BKTFEG,2
AZBASW,AUBKT,BKTHOG,3
AZBASW,AUBKT,BKTMLG,4
AZBASW,AUCPR,CPRCOD,1
AZBASW,AUCTB,CTBBIN,1
AZBASW,AUCTL,CTLARC,1
AZBASW,AUEST,ESTCOD,1
AZBASW,AUESTDRP,ESTCOD,1
AZBASW,AUFIL,FILMOD,1
AZBASW,AUFIL,FILNOM,2
AZBASW,AUFILCM,FILMOD,1
AZBASW,AUFILCM,FILNOM,2
AZBASW,AUFILDRP,FILMOD,1
AZBASW,AUFILDRP,FILRPM,2
AZBASW,AUFILDRP,FILNOM,3
AZBASW,AUFNC,FNCMOD,1
AZBASW,AUFNC,FNCFUN,2
AZBASW,AUFNCH,FNCMOD,1
AZBASW,AUFNCH,FNCFUN,2
AZBASW,AUHIS,HISARC,1
AZBASW,AUHIS,HISSEC,2
AZBASW,AUHIS,HISJOB,3
AZBASW,AUHIS,HISUSR,4
AZBASW,AUHISDRP,HISARC,1
AZBASW,AUHISDRP,HISRPM,2
AZBASW,AUHISDRP,HISSEC,3
AZBASW,AUHISDRP,HISJOB,4
AZBASW,AUHISDRP,HISUSR,5
AZBASW,AUJBQ,JBQFEC,1
AZBASW,AUJBQ,JBQHOR,2
AZBASW,AUJBQ,JBQNAM,3
AZBASW,AUJBQ,JBQLIB,4
AZBASW,AUJBQ,JBQSBS,5
AZBASW,AUJOB,JOBSIT,1
AZBASW,AUJOB,JOBJOB,2
AZBASW,AUJRN,JRNSIT,1
AZBASW,AUJRN,JRNJRN,2
AZBASW,AUJRNBK,JRNJRN,1
AZBASW,AULAF,LAFFEC,1
AZBASW,AULAF,LAFHOR,2
AZBASW,AULAF,LAFUSU,3
AZBASW,AULAF,LAFMOD,4
AZBASW,AULAF,LAFFUN,5
AZBASW,AULAFH,LAFFEC,1
AZBASW,AULAFH,LAFHOR,2
AZBASW,AULAFH,LAFUSU,3
AZBASW,AULAFH,LAFMOD,4
AZBASW,AULAFH,LAFFUN,5
AZBASW,AULAFL1,LAFUSU,1
AZBASW,AULAFL1,LAFFEC,2
AZBASW,AULAFL1,LAFHOR,3
AZBASW,AULAFL1,LAFMOD,4
AZBASW,AULAFL1,LAFFUN,5
AZBASW,AULAFL2,LAFMOD,1
AZBASW,AULAFL2,LAFFUN,2
AZBASW,AULAFL2,LAFFEC,3
AZBASW,AULAFL2,LAFHOR,4
AZBASW,AULAFL2,LAFUSU,5
AZBASW,AULAFL3,LAFUSU,1
AZBASW,AULAFL3,LAFMOD,2
AZBASW,AULAFL3,LAFFUN,3
AZBASW,AULAFL3,LAFFEC,4
AZBASW,AULAFL3,LAFHOR,5
AZBASW,AULAFL4,LAFMOD,1
AZBASW,AULAFL4,LAFUSU,2
AZBASW,AULAFL4,LAFFUN,3
AZBASW,AULAFL4,LAFFEC,4
AZBASW,AULAFL4,LAFHOR,5
AZBASW,AULAFL5,LAFMOD,1
AZBASW,AULAFL5,LAFFUN,2
AZBASW,AULAFL5,LAFUSU,3
AZBASW,AULAFL5,LAFFEC,4
AZBASW,AULAFL5,LAFHOR,5
AZBASW,AULLV,LLVNOM,1
AZBASW,AULLV,LLVCAM,2
AZBASW,AULLVDRP,LLVNOM,1
AZBASW,AULLVDRP,LLVCAM,2
AZBASW,AUMOD,MODCOD,1
AZBASW,AUMXJ,MXJFEC,1
AZBASW,AUMXJ,MXJHOR,2
AZBASW,AUMXJ,MXJNAM,3
AZBASW,AUMXJH,MXJFEC,1
AZBASW,AUMXJH,MXJHOR,2
AZBASW,AUMXJH,MXJNAM,3
AZBASW,AUOPA,OPACOD,1
AZBASW,AUOPAL0,OPAPGM,1
AZBASW,AUPFN,PFNTIP,1
AZBASW,AUPFN,PFNPER,2
AZBASW,AUPFN,PFNMOD,3
AZBASW,AUPFN,PFNFUN,4
AZBASW,AUPFNL1,PFNMOD,1
AZBASW,AUPFNL1,PFNFUN,2
AZBASW,AUPFNL1,PFNTIP,3
AZBASW,AUPFNL1,PFNPER,4
AZBASW,AUPGE,PGEFEC,1
AZBASW,AUPGE,PGEHOR,2
AZBASW,AUPGE,PGEDSC,3
AZBASW,AUPRC,PRCCAM,1
AZBASW,AUPRC,PRCVAR,2
AZBASW,AUPRC,PRCPRI,3
AZBASW,AUPRCDRP,PRCCAM,1
AZBASW,AUPRCDRP,PRCVAR,2
AZBASW,AUPRCDRP,PRCPRI,3
AZBASW,AUPRF,PRFCOD,1
AZBASW,AUPXM,PXMMOD,1
AZBASW,AUPXM,PXMNOM,2
AZBASW,AUPXMBK,PXMMOD,1
AZBASW,AUPXMBK,PXMNOM,2
AZBASW,AURCV,RCVSIT,1
AZBASW,AURCV,RCVJRN,2
AZBASW,AURCV,RCVRCV,3
AZBASW,AURPT,RPTPAN,1
AZBASW,AURPTBK,RPTPAN,1
AZBASW,AURPTBK1,RPTPAN,1
AZBASW,AURPTH,RPTPAN,1
AZBASW,AURPTK,RPTPAN,1
AZBASW,AURPTL0,RPTTKN,1
AZBASW,AURPTL1,RPTPAN,1
AZBASW,AURPTTEST,RPTPAN,1
AZBASW,AURPT7,RPTPAN,1
AZBASW,AURPT8,RPTPAN,1
AZBASW,AURSR,RSRSIT,1
AZBASW,AURSR,RSRJRN,2
AZBASW,AUSBS,SBSFEC,1
AZBASW,AUSBS,SBSHOR,2
AZBASW,AUSBS,SBSNAM,3
AZBASW,AUSBSH,SBSFEC,1
AZBASW,AUSBSH,SBSHOR,2
AZBASW,AUSBSH,SBSNAM,3
AZBASW,AUSTR,STRARC,1
AZBASW,AUSTR,STRCAM,2
AZBASW,AUSTRDRP,STRARC,1
AZBASW,AUSTRDRP,STRCAM,2
AZBASW,AUUAF,UAFMOD,1
AZBASW,AUUAF,UAFFUN,2
AZBASW,AUUAF,UAFUSU,3
AZBASW,AUUSR,USRUSU,1
AZBASW,AUUSRL1,USRPER,1
AZBASW,AUUSRL1,USRUSU,2
AZBASW,AZAAP,AAPCOD,1
AZBASW,AZAAP2,AAPCOD,1
AZBASW,AZAEM,AEMCOD,1
AZBASW,AZARD,ARDMIN,1
AZBASW,AZARD,ARDMAX,2
AZBASW,AZATG,ATGAPL,1
AZBASW,AZATG,ATGTAG,2
AZBASW,AZBDT,BDTSCR,1
AZBASW,AZBDT,BDTTRA,2
AZBASW,AZBDT,BDTCTG,3
AZBASW,AZBET,BETSCR,1
AZBASW,AZBET,BETTRA,2
AZBASW,AZBETL01,BETSCR,1
AZBASW,AZBETL01,BETSEC,2
AZBASW,AZBETL01,BETTRA,3
AZBASW,AZBLN,BLNAPL,1
AZBASW,AZBSC,BSCSCR,1
AZBASW,AZBTE,BTEAPL,1
AZBASW,AZBTE,BTENOM,2
AZBASW,AZCIP,CIPADD,1
AZBASW,AZCLH,CLHOAI,1
AZBASW,AZCLH,CLHONT,2
AZBASW,AZCLH,CLHOCJ,3
AZBASW,AZCLH,CLHINT,4
AZBASW,AZCLH,CLHOSQ,5
AZBASW,AZCLH,CLHOFL,6
AZBASW,AZCLH,CLHOHL,7
AZBASW,AZCLH,CLHIVT,8
AZBASW,AZCTL,CTLAPL,1
AZBASW,AZCTL,CTLLIN,2
AZBASW,AZCTL,CTLNOM,3
AZBASW,AZDCE,DCECOD,1
AZBASW,AZDCE,DCEEMV,2
AZBASW,AZDCF,DCFCOD,1
AZBASW,AZDDW,DDWCFG,1
AZBASW,AZDDW,DDWTIP,2
AZBASW,AZDDW,DDWSEC,3
AZBASW,AZDEV,DEVAPL,1
AZBASW,AZDEV,DEVLIN,2
AZBASW,AZDEV,DEVCTL,3
AZBASW,AZDEV,DEVNOM,4
AZBASW,AZDIF,DIFCFG,1
AZBASW,AZDIF,DIFDDX,2
AZBASW,AZDPD,DPDCFG,1
AZBASW,AZDPD,DPDNMR,2
AZBASW,AZDPD,DPDLNG,3
AZBASW,AZDPD,DPDLIN,4
AZBASW,AZDPI,DPICFG,1
AZBASW,AZDPI,DPINMR,2
AZBASW,AZDPI,DPILNG,3
AZBASW,AZDTE,DTECFG,1
AZBASW,AZDTE,DTENUM,2
AZBASW,AZECL,ECLIDS,1
AZBASW,AZECL,ECLAPL,2
AZBASW,AZECL,ECLDEV,3
AZBASW,AZECL,ECLFEC,4
AZBASW,AZECL,ECLHOR,5
AZBASW,AZECL,ECLMLS,6
AZBASW,AZECL,ECLJOB,7
AZBASW,AZECLBK,ECLIDS,1
AZBASW,AZECLBK,ECLAPL,2
AZBASW,AZECLBK,ECLDEV,3
AZBASW,AZECLBK,ECLFEC,4
AZBASW,AZECLBK,ECLHOR,5
AZBASW,AZECLBK,ECLMLS,6
AZBASW,AZECLBK,ECLJOB,7
AZBASW,AZECLH,ECLIDS,1
AZBASW,AZECLH,ECLAPL,2
AZBASW,AZECLH,ECLDEV,3
AZBASW,AZECLH,ECLFEC,4
AZBASW,AZECLH,ECLHOR,5
AZBASW,AZECLH,ECLMLS,6
AZBASW,AZECLH,ECLJOB,7
AZBASW,AZECS,ECSIDS,1
AZBASW,AZECS,ECSAPL,2
AZBASW,AZECS,ECSFEC,3
AZBASW,AZECS,ECSHOR,4
AZBASW,AZECS,ECSMLS,5
AZBASW,AZECS,ECSJOB,6
AZBASW,AZECSH,ECSIDS,1
AZBASW,AZECSH,ECSAPL,2
AZBASW,AZECSH,ECSFEC,3
AZBASW,AZECSH,ECSHOR,4
AZBASW,AZECSH,ECSMLS,5
AZBASW,AZECSH,ECSJOB,6
AZBASW,AZESH,ESHMOD,1
AZBASW,AZESH,ESHIDN,2
AZBASW,AZESH,ESHCOD,3
AZBASW,AZIDD,IDDAPL,1
AZBASW,AZIDD,IDDCOD,2
AZBASW,AZIDD,IDDPOS,3
AZBASW,AZIDD,IDDBMP,4
AZBASW,AZIDDDFT,IDDAPL,1
AZBASW,AZIDDDFT,IDDCOD,2
AZBASW,AZIDDDFT,IDDPOS,3
AZBASW,AZIDDDFT,IDDBMP,4
AZBASW,AZIPF,IPFCOD,1
AZBASW,AZIRD,IRDREG,1
AZBASW,AZIRD,IRDCOD,2
AZBASW,AZIRD,IRDMTI,3
AZBASW,AZIRD,IRDCTR,4
AZBASW,AZISE,ISEAPL,1
AZBASW,AZISE,ISEBMP,2
AZBASW,AZISE,ISESBM,3
AZBASW,AZISO,ISOAPL,1
AZBASW,AZISO,ISOBMP,2
AZBASW,AZISODFT,ISOAPL,1
AZBASW,AZISODFT,ISOBMP,2
AZBASW,AZKDIA,KDAAPL,1
AZBASW,AZKDIA,KDAPRI,2
AZBASW,AZKDIA,KDANDI,3
AZBASW,AZKDIS,KDINOM,1
AZBASW,AZKHLP,KHLFLD,1
AZBASW,AZKHLP,KHLCOD,2
AZBASW,AZLBL,LBLBIN,1
AZBASW,AZLCA,LCACOD,1
AZBASW,AZLCF,LCFCOD,1
AZBASW,AZLCF,LCFFEC,2
AZBASW,AZLCG,LCGORD,1
AZBASW,AZLCG,LCGERD,2
AZBASW,AZLCU,LCURED,1
AZBASW,AZLCU,LCURDT,2
AZBASW,AZLDT,LDTAPL,1
AZBASW,AZLDT,LDTRED,2
AZBASW,AZLEC,LECCOD,1
AZBASW,AZLEE,LEENEM,1
AZBASW,AZLFR,LFRCOD,1
AZBASW,AZLHE,LHTOAI,1
AZBASW,AZLHE,LHTONT,2
AZBASW,AZLHE,LHTOCJ,3
AZBASW,AZLHE,LHTINT,4
AZBASW,AZLHE,LHTOSQ,5
AZBASW,AZLHE,LHTOFL,6
AZBASW,AZLHE,LHTOHL,7
AZBASW,AZLHE,LHTIVT,8
AZBASW,AZLHEH,LHTOAI,1
AZBASW,AZLHEH,LHTONT,2
AZBASW,AZLHEH,LHTOCJ,3
AZBASW,AZLHEH,LHTINT,4
AZBASW,AZLHEH,LHTOSQ,5
AZBASW,AZLHEH,LHTOFL,6
AZBASW,AZLHEH,LHTOHL,7
AZBASW,AZLHEH,LHTIVT,8
AZBASW,AZLIN,LINAPL,1
AZBASW,AZLIN,LINNOM,2
AZBASW,AZLMF,LMFMTI,1
AZBASW,AZLMF,LMFD24,2
AZBASW,AZLMT,LMTRED,1
AZBASW,AZLMT,LMTCMI,2
AZBASW,AZLMT,LMTCMF,3
AZBASW,AZLOC,XMCIDS,1
AZBASW,AZLOCR,XMCIDS,1
AZBASW,AZLRT,LRTFEC,1
AZBASW,AZLRT,LRTORI,2
AZBASW,AZLRT,LRTTER,3
AZBASW,AZLRT,LRTDES,4
AZBASW,AZLTR,LTRRED,1
AZBASW,AZLTR,LTRCOD,2
AZBASW,AZLTX,LTXAPL,1
AZBASW,AZLTX,LTXRED,2
AZBASW,AZLTX,LTXTRB,3
AZBASW,AZLWT,LWTRED,1
AZBASW,AZLXC,LXCORD,1
AZBASW,AZLXC,LXCERD,2
AZBASW,AZLXC,LXCBIN,3
AZBASW,AZLXC,LXCICT,4
AZBASW,AZPBC,PBCAPL,1
AZBASW,AZPBC,PBCCOD,2
AZBASW,AZPDA,PDAAPL,1
AZBASW,AZPDA,PDAFEC,2
AZBASW,AZPDA,PDAHOR,3
AZBASW,AZPMA,PMAAPL,1
AZBASW,AZPMS,PMSCOD,1
AZBASW,AZPMS,PMSCLV,2
AZBASW,AZREM,XMCIDS,1
AZBASW,AZREMR,XMCIDS,1
AZBASW,AZSAU,SAUAPO,1
AZBASW,AZSAU,SAUCOD,2
AZBASW,AZSAU,SAUSEC,3
AZBASW,AZTCP,TCPIDS,1
AZBASW,AZTCP,TCPAPL,2
AZBASW,AZTCP,TCPNOM,3
AZBASW,AZTCPBK,TCPIDS,1
AZBASW,AZTCPBK,TCPAPL,2
AZBASW,AZTCPBK,TCPNOM,3
AZBASW,AZTRD,TRDAPL,1
AZBASW,AZTRD,TRDCOD,2
AZBASW,AZTRD,TRDNUO,3
AZBASW,AZTRP,TRPCMO,1
AZBASW,AZTRP,TRPCMD,2
AZBASW,AZTRP,TRPFEC,3
AZBASW,AZTRP,TRPHOR,4
AZBASW,AZUTL,UTLMOD,1
AZBASW,AZUTL,UTLOBJ,2
AZBASW,AZWFHA,WFHFEG,1
AZBASW,AZWFHA,WFHDTQ,2
AZBASW,AZWFSA,WFHFEG,1
AZBASW,AZWFSA,WFHDTQ,2
AZBASW,AZWPB,WPBCOD,1
AZBASW,AZWPB,WPBLNT,2
AZBASW,AZWPB,WPBLBT,3
AZBASW,AZWPB,WPBBIN,4
AZBASW,AZWPB,WPBRED,5
AZBASW,AZWRD,WRDAPL,1
AZBASW,AZWRD,WRDRED,2
AZBASW,AZWRDFEG,WRDAPL,1
AZBASW,AZWRDFEG,WRDRED,2
AZBASW,AZXTRJ,XTRJFEP,1
AZBASW,AZXTRJ,XTRJNOM,2
AZBASW,AZXTRJ,XTRJSIT,3
AZBASW,AZXTRJ,XTRJSEC,4
AZBASW,BFCMTAL1,MTANUM,1
AZBASW,BFCMTAL1,MTASEC,2
AZBASW,BFCRNW,BFCCUE,1
AZBASW,BFCRNW,BFCTCT,2
AZBASW,BFCRNW,BFCIDE,3
AZBASW,BFCRNW,BFCCLS,4
AZBASW,BFCRNWR1,BFCCUE,1
AZBASW,BFCRNWR1,BFCTCT,2
AZBASW,BFCRNWR1,BFCIDE,3
AZBASW,BFCRNWR1,BFCCLS,4
AZBASW,BFCTKN,TKNKEY,1
AZBASW,BFCXTRER,XTREFEC,1
AZBASW,BFCXTRER,XTRESIT,2
AZBASW,BFCXTRER,XTREHOR,3
AZBASW,BFCXTRER,XTRESEC,4
AZBASW,BFCXTRER,XTREARC,5
AZBASW,BFCXTRER,XTRERRN,6
AZBASW,BFCXTRER,XTRETIP,7
AZBASW,FCOCNV,FCOCOD,1
AZBASW,FCOFBS,FBSFUE,1
AZBASW,FCOFBS,FBSCOD,2
AZBASW,PACCHT,CHTNUM,1
AZBASW,PACCHT,CHTSEC,2
AZBASW,PACCHT,CHTFEC,3
AZBASW,PACCHT,CHTHOR,4
AZBASW,PERSON,NAME,1
AZBASW,PERSON,FNAME,2
AZBASW,QAC6AKEYS$,LABEL_1,1
AZBASW,QAC6AKEYS$,LABEL_2,2
AZBASW,QAC6AKEYS$,LABEL_3,3
AZBASW,QAC6AKEYS$,LABEL_4,4
AZBASW,QAC6AKEYS$,LABEL_5,5
AZBASW,QAC6AKEYS$,LABEL_6,6
AZBASW,QAC6AKEYS$,LABEL_7,7
AZBASW,QAC6AKEYST,LABEL_1,1
AZBASW,QAC6AKEYST,LABEL_2,2
AZBASW,QAC6AKEYST,LABEL_3,3
AZBASW,QAC6AKEYST,LABEL_4,4
AZBASW,QAC6AKEYST,LABEL_5,5
AZBASW,QAC6AKEYST,LABEL_6,6
AZBASW,QAC6AKEYST,LABEL_7,7
AZBASW,QAC6KEYST,LABEL_1,1
AZBASW,QAC6KEYST,LABEL_2,2
AZBASW,QAC6KEYST,LABEL_3,3
AZBASW,QAC6KEYST,LABEL_4,4
AZBASW,QAC6KEYST,LABEL_5,5
AZBASW,QAC6KEYST,LABEL_6,6
AZBASW,QAC6KEYST,LABEL_7,7
AZBASW,QAC6KEYST$,LABEL_1,1
AZBASW,QAC6KEYST$,LABEL_2,2
AZBASW,QAC6KEYST$,LABEL_3,3
AZBASW,QAC6KEYST$,LABEL_4,4
AZBASW,QAC6KEYST$,LABEL_5,5
AZBASW,QAC6KEYST$,LABEL_6,6
AZBASW,QAC6KEYST$,LABEL_7,7
AZBASW,QAC6KEYST1,LABEL_1,1
AZBASW,QAC6KEYST1,LABEL_2,2
AZBASW,QAC6KEYST1,LABEL_3,3
AZBASW,QAC6KEYST1,LABEL_4,4
AZBASW,QAC6KEYST1,LABEL_5,5
AZBASW,QAC6KEYST1,LABEL_6,6
AZBASW,QAC6KEYST1,LABEL_7,7
AZBASW,QAC6KEYST7,LABEL_1,1
AZBASW,QAC6KEYST7,LABEL_2,2
AZBASW,QAC6KEYST7,LABEL_3,3
AZBASW,QAC6KEYST7,LABEL_4,4
AZBASW,QAC6KEYST7,LABEL_5,5
AZBASW,QAC6KEYST7,LABEL_6,6
AZBASW,QAC6KEYST7,LABEL_7,7
AZBASW,QAC6KEYS17,LABEL_1,1
AZBASW,QAC6KEYS17,LABEL_2,2
AZBASW,QAC6KEYS17,LABEL_3,3
AZBASW,QAC6KEYS17,LABEL_4,4
AZBASW,QAC6KEYS17,LABEL_5,5
AZBASW,QAC6KEYS17,LABEL_6,6
AZBASW,QAC6KEYS17,LABEL_7,7
AZBASW,QAC6PKEYS$,LABEL_1,1
AZBASW,QAC6PKEYS$,LABEL_2,2
AZBASW,QAC6PKEYS$,LABEL_3,3
AZBASW,QAC6PKEYS$,LABEL_4,4
AZBASW,QAC6PKEYS$,LABEL_5,5
AZBASW,QAC6PKEYS$,LABEL_6,6
AZBASW,QAC6PKEYS$,LABEL_7,7
AZBASW,QAC6PKEYST,LABEL_1,1
AZBASW,QAC6PKEYST,LABEL_2,2
AZBASW,QAC6PKEYST,LABEL_3,3
AZBASW,QAC6PKEYST,LABEL_4,4
AZBASW,QAC6PKEYST,LABEL_5,5
AZBASW,QAC6PKEYST,LABEL_6,6
AZBASW,QAC6PKEYST,LABEL_7,7
AZBASW,SAFE,ESTADO,1
AZBASW,SAVE,ESTADO,1
AZBASW,AZTCV,TCVAPL,1
AZBASW,AZTCV,TCVCOD,2
AZBASW,AZTCV,TCVNUI,3
AZBASW,AZTCV,TCVNUO,4
AZBASW,AZTCV,TCVCAI,5
AZBASW,AZTED,TEDAPL,1
AZBASW,AZTED,TEDCOD,2
AZBASW,AZTED,TEDNEM,3
AZBASW,AZWRT,WRTAPL,1
AZBASW,AZWRT,WRTCL1,2
AZBASW,AZWRT,WRTCL2,3
AZBASW,AZWRT,WRTAPW,4
AZBASW,AZIBM,IBMAPL,1
AZBASW,AZIBM,IBMCOD,2